<?xml version="1.0" encoding="UTF-8"?>
<project-private xmlns="http://www.netbeans.org/ns/project-private/1">
    <editor-bookmarks xmlns="http://www.netbeans.org/ns/editor-bookmarks/2" lastBookmarkId="0"/>
    <open-files xmlns="http://www.netbeans.org/ns/projectui-open-files/2">
        <group>
            <file>file:/C:/Users/Evan/Desktop/public_html_xamp/php/thankyou.php</file>
            <file>file:/C:/Users/Evan/Desktop/public_html_xamp/index.html</file>
            <file>file:/C:/Users/Evan/Desktop/public_html_xamp/php/viewdbinvoices.php</file>
            <file>file:/C:/Users/Evan/Desktop/public_html_xamp/php/viewfileinvoices.php</file>
            <file>file:/C:/Users/Evan/Desktop/public_html_xamp/css/main.css</file>
            <file>file:/C:/Users/Evan/Desktop/public_html_xamp/js/validation.js</file>
            <file>file:/C:/Users/Evan/Desktop/public_html_xamp/php/deleteinvoice.php</file>
            <file>file:/C:/Users/Evan/Desktop/public_html_xamp/php/viewinvoice.php</file>
            <file>file:/C:/Users/Evan/Desktop/public_html_xamp/js/main.js</file>
            <file>file:/C:/Users/Evan/Desktop/public_html_xamp/js/viewinvoice.js</file>
        </group>
    </open-files>
</project-private>
